{"Entities": [{"Id": 1, "BeginOffset": 5, "EndOffset": 19, "Score": 0.9884805679321289, "Text": "0545234234325V", "Category": "PROTECTED_HEALTH_INFORMATION", "Type": "ID", "Traits": []}, {"Id": 2, "BeginOffset": 26, "EndOffset": 30, "Score": 0.5789806842803955, "Text": "2018", "Category": "PROTECTED_HEALTH_INFORMATION", "Type": "DATE", "Traits": []}, {"Id": 3, "BeginOffset": 31, "EndOffset": 37, "Score": 0.8349828124046326, "Text": "Oct 23", "Category": "PROTECTED_HEALTH_INFORMATION", "Type": "DATE", "Traits": []}, {"Id": 4, "BeginOffset": 42, "EndOffset": 45, "Score": 0.991915762424469, "Text": "3/2", "Category": "PROTECTED_HEALTH_INFORMATION", "Type": "DATE", "Traits": []}, {"Id": 5, "BeginOffset": 80, "EndOffset": 91, "Score": 0.9934007525444031, "Text": "John Stiles", "Category": "PROTECTED_HEALTH_INFORMATION", "Type": "NAME", "Traits": []}, {"Id": 6, "BeginOffset": 104, "EndOffset": 106, "Score": 0.747304379940033, "Text": "78", "Category": "PROTECTED_HEALTH_INFORMATION", "Type": "AGE", "Traits": []}, {"Id": 7, "BeginOffset": 112, "EndOffset": 120, "Score": 0.9999349117279053, "Text": "05/12/42", "Category": "PROTECTED_HEALTH_INFORMATION", "Type": "DATE", "Traits": []}, {"Id": 8, "BeginOffset": 158, "EndOffset": 162, "Score": 0.22092030942440033, "Text": "2000", "Category": "PROTECTED_HEALTH_INFORMATION", "Type": "DATE", "Traits": []}], "ModelVersion": "1.1.0", "ResponseMetadata": {"RequestId": "dcf27974-43aa-433e-aab8-ce726cbdd098", "HTTPStatusCode": 200, "HTTPHeaders": {"x-amzn-requestid": "dcf27974-43aa-433e-aab8-ce726cbdd098", "content-type": "application/x-amz-json-1.1", "content-length": "1258", "date": "Thu, 07 Sep 2023 09:08:25 GMT"}, "RetryAttempts": 0}}